id,reservation_date,stage,wheels,paint,autopilot_firmware,seats,location,is_available_for_match
RN108578728,7/4/17 2:36 PM,Stage 0,W38B,PBSB,APF1,S3PB,NA-US-CA-Fremont Delivery Hub,1
RN109166356,8/3/18 3:33 PM,RWD,W38B,PPSW,APF1,S3PB,NA-US-NC-Charlotte-Matthews,1
RN109167439,8/4/18 10:10 AM,RWD,W38B,PPSW,APF1,S3PB,NA-US-NC-Charlotte-Matthews,1
RN109160644,7/14/18 10:23 PM,Stage 0,W39B,PPMR,APF2,S3PB,NA-US-CA-Marina Del Rey-Alla Road,1
RN108960783,4/1/16 4:10 AM,RWD,W38B,PBSB,APF0,S3PB,NA-US-TX-Dallas-Cedar Springs Road,1
RN109172810,8/19/18 11:19 PM,RWD,W38B,PMNG,APF1,S3PB,NA-US-CA-Santa Barbara-Hitchcock Way,1
RN107343910,3/31/16 1:03 PM,RWD,W38B,PMNG,APF1,S3PB,NA-US-CA-San Diego-6495 Marindustry Place,1
RN109044769,8/31/17 1:51 AM,Stage 0,W39B,PPSW,APF1,S3PW,NA-US-WA-Bellevue-20th Street,1
RN108513732,3/31/16 6:38 AM,Stage 0,W38B,PMNG,APF2,S3PB,NA-CA-ON-Mississauga-International Centre Temp Hub,1
RN108761064,4/1/16 10:27 AM,Stage 0,W39B,PPSW,APF2,S3PB,NA-US-UT-Salt Lake City-South 300 West,1
RN107687853,11/6/16 2:38 PM,Stage 0,W38B,PPMR,APF1,S3PB,NA-US-CA-Sacramento-Rocklin,1
RN107587620,3/31/16 7:38 PM,RWD,W39B,PPMR,APF0,S3PB,NA-US-CA-Marina Del Rey-Alla Road,1
RN107327514,4/4/16 6:14 AM,Stage 0,W38B,PMNG,APF0,S3PB,NA-US-IL-Chicago-Westmont,1
RN108629727,7/3/17 6:47 AM,Stage 0,W38B,PBSB,APF0,S3PB,NA-US-MN-Minneapolis-Eden Prairie,1
RN107075926,4/16/16 11:00 AM,Stage 0,W39B,PMNG,APF0,S3PB,NA-US-PA-Devon,1
RN107210408,3/31/16 10:10 AM,RWD,W38B,PPMR,APF2,S3PB,NA-US-CA-Costa Mesa-3020 Pullman Street,1
RN108493821,3/31/16 10:25 AM,RWD,W38B,PPMR,APF2,S3PB,NA-US-AZ-Tempe-E. University Drive,1
RN108746788,3/31/16 10:51 AM,RWD,W38B,PPSW,APF1,S3PB,NA-US-WA-Bellevue-20th Street,1
RN109034368,8/12/17 6:05 PM,RWD,W39B,PPSB,APF1,S3PB,NA-US-IL-Chicago-Westmont,1
RN109184497,9/27/18 7:16 PM,RWD,W38B,PMSS,APF1,S3PB,NA-US-CA-San Diego-Miramar,1
RN108510408,4/2/16 2:00 PM,RWD,W39B,PMNG,APF1,S3PB,NA-US-NV-Las Vegas-W. Sahara Ave,1
RN107612266,4/1/16 7:58 PM,Stage 0,W38B,PMNG,APF0,S3PB,NA-US-NY-Brooklyn-Van Brunt Street,1
RN109147036,5/29/18 4:55 AM,Stage 0,W38B,PPMR,APF1,S3PB,NA-US-TX-Austin-Pond Springs,1
RN107653593,4/1/16 6:27 AM,RWD,W38B,PPSB,APF1,S3PB,NA-US-GA-Atlanta-Decatur,1
RN107919932,9/24/16 8:49 PM,Stage 0,W38B,PPSB,APF1,S3PB,NA-US-OH-Cleveland-Lyndhurst,1
RN108368488,5/6/16 7:38 PM,Stage 0,W39B,PPSW,APF1,S3PB,NA-US-OH-Cincinnati,1
RN107543280,3/31/16 7:19 AM,Stage 0,W39B,PPMR,APF1,S3PB,NA-US-PA-Pittsburgh-Wexford,1
RN109161306,7/19/18 12:13 PM,RWD,W38B,PMSS,APF0,S3PB,NA-US-FL-Dania Beach,1
RN107230145,3/31/16 12:42 PM,RWD,W39B,PBSB,APF2,S3PB,NA-US-FL-Miami-Coral Gables,1
RN109172514,8/19/18 5:15 PM,RWD,W39B,PPSB,APF1,S3PB,NA-US-NV-Las Vegas-W. Sahara Ave,1
RN108457661,4/3/16 10:41 AM,RWD,W38B,PPSB,APF1,S3PB,NA-US-CA-Fremont Delivery Hub,1
RN109178323,9/9/18 9:22 PM,RWD,W38B,PBSB,APF0,S3PB,NA-US-CA-Fremont Delivery Hub,1
RN108497012,3/31/16 8:33 AM,Stage 0,W39B,PPSB,APF1,S3PB,NA-US-MD-Baltimore-Owings Mills,1
RN109186093,9/28/18 2:49 PM,RWD,W39B,PBSB,APF2,S3PB,NA-US-CA-JPLogistics-Hub,1
RN108023505,4/1/16 4:02 AM,RWD,W39B,PPSB,APF1,S3PB,NA-US-FL-Miami-Coral Gables,1
RN108467162,10/27/16 11:15 AM,RWD,W39B,PBSB,APF2,S3PB,NA-US-GA-Atlanta-Decatur,1
RN107740828,3/31/16 8:17 AM,Stage 0,W38B,PBSB,APF1,S3PB,NA-US-TN-Nashville-Brentwood,1
RN107125385,7/29/16 6:08 PM,Stage 0,W39B,PPMR,APF0,S3PB,NA-US-NY-Westchester-Mt Kisco,1
RN107832063,9/3/16 12:16 PM,RWD,W39B,PMNG,APF1,S3PB,NA-US-GA-Atlanta-Decatur,1
RN107218967,1/5/17 1:01 PM,RWD,W38B,PMSS,APF1,S3PB,NA-US-WA-Seattle-SoDo,1
RN108107867,3/31/16 8:38 AM,RWD,W39B,PMNG,APF0,S3PB,NA-US-WA-Bellevue-20th Street,1
RN107193209,4/1/16 6:00 AM,Stage 0,W39B,PMBL,APF1,S3PB,NA-US-MN-Minneapolis-Eden Prairie,1
RN107713877,3/31/16 9:34 AM,RWD,W38B,PMSS,APF0,S3PB,NA-US-CA-Santa Barbara-Hitchcock Way,1
RN108560410,3/31/16 7:31 PM,RWD,W38B,PBSB,APF0,S3PB,NA-US-TX-Dallas-Cedar Springs Road,1
RN108482292,4/3/16 11:20 AM,RWD,W39B,PPSW,APF0,S3PB,NA-US-CA-Fremont Delivery Hub,1
RN107640945,3/31/16 7:08 AM,RWD,W39B,PPMR,APF1,S3PB,NA-US-MA-Dedham,1
RN109154274,6/25/18 12:26 AM,Stage 0,W38B,PPMR,APF1,S3PB,NA-US-PA-Devon,1
RN108451749,5/2/17 4:46 AM,Stage 2,W32P,PPSW,APF2,S3PW,NA-US-GA-Alpharetta-Roswell,0
RN107138746,3/31/16 11:00 AM,Stage 0,W39B,PMNG,APF1,S3PB,NA-US-NJ-Springfield,1
RN109186616,9/30/18 5:10 PM,Stage 0,W38B,PBSB,APF2,S3PB,NA-US-CA-Fremont Delivery Hub,1
RN107757539,4/3/17 10:22 AM,RWD,W38B,PPMR,APF0,S3PB,NA-US-NV-Las Vegas-W. Sahara Ave,1
RN108730720,5/3/16 9:23 PM,RWD,W38B,PMNG,APF1,S3PB,NA-US-MN-Minneapolis-Eden Prairie,1
RN109161420,7/17/18 10:45 AM,Stage 0,W39B,PMBL,APF0,S3PB,NA-US-NJ-Cherry Hill,1
RN107654936,3/31/16 9:00 PM,Stage 0,W39B,PBSB,APF0,S3PB,NA-US-OH-Columbus-Morse Road,1
RN108590311,4/4/16 8:01 PM,RWD,W38B,PPSW,APF0,S3PB,NA-US-CA-Costa Mesa-3020 Pullman Street,1
RN107765229,7/23/16 12:53 PM,Stage 0,W39B,PMBL,APF2,S3PB,NA-US-CA-Marina Del Rey-Alla Road,1
RN108083824,3/31/16 7:35 PM,RWD,W38B,PPSW,APF1,S3PB,NA-US-CA-Costa Mesa-3020 Pullman Street,1
RN107911680,3/31/16 7:29 PM,RWD,W39B,PMNG,APF2,S3PB,NA-US-NC-Raleigh-8800 Westgate Park Drive,1
RN108389052,1/28/17 8:54 AM,RWD,W38B,PPSW,APF1,S3PB,NA-US-VA-Tysons Corner-Tyco Road,1
RN107326097,4/1/16 3:42 AM,RWD,W39B,PPMR,APF2,S3PB,NA-US-MA-Dedham,1
RN107402173,3/31/16 7:33 PM,Stage 2,W32P,PMNG,APF2,S3PB,NA-US-CA-Costa Mesa-3020 Pullman Street,0
RN107866303,4/1/16 6:11 AM,Stage 0,W38B,PMNG,APF0,S3PB,NA-US-TN-Nashville-Brentwood,1
RN108067424,3/31/16 3:10 PM,RWD,W39B,PPSW,APF2,S3PB,NA-US-WA-Seattle-SoDo,1
RN109167304,8/5/18 4:22 AM,Stage 0,W39B,PPSB,APF2,S3PB,NA-US-MA-Dedham,1
RN108397318,4/1/16 4:35 PM,Stage 0,W38B,PPMR,APF2,S3PB,NA-US-MA-Dedham,1
RN109042611,8/27/17 10:12 PM,Stage 0,W38B,PBSB,APF2,S3PW,NA-US-PA-Devon,1
RN107309227,3/31/16 9:00 PM,RWD,W38B,PBSB,APF1,S3PB,NA-US-CA-San Diego-6495 Marindustry Place,1
RN109168338,8/6/18 8:26 PM,Stage 0,W39B,PPMR,APF1,S3PB,NA-US-IL-Chicago-Westmont,1
RN108227140,4/1/16 1:58 PM,Stage 0,W38B,PMNG,APF2,S3PB,NA-US-TX-Houston-North,1
RN109161834,7/17/18 8:17 PM,Stage 0,W39B,PPSB,APF1,S3PB,NA-US-TX-Austin-Pond Springs,1
RN107851301,4/1/16 2:19 AM,Stage 0,W39B,PMNG,APF1,S3PW,NA-US-GA-Atlanta-Decatur,1
RN108945168,4/1/16 6:02 AM,Stage 0,W39B,PMSS,APF2,S3PB,NA-US-NC-Raleigh-8800 Westgate Park Drive,1
RN109182891,9/19/18 4:24 PM,RWD,W38B,PMNG,APF0,S3PB,NA-US-CA-Fremont Delivery Hub,1
RN109173306,8/25/18 12:17 PM,RWD,W38B,PMNG,APF0,S3PB,NA-US-AZ-Tempe-E. University Drive,1
RN107648742,7/23/17 1:33 PM,RWD,W38B,PMSS,APF2,S3PB,NA-US-NJ-Springfield,1
RN109173820,8/25/18 11:02 AM,RWD,W38B,PBSB,APF1,S3PB,NA-US-CA-Costa Mesa-3020 Pullman Street,1
RN108367326,4/4/16 11:25 AM,RWD,W38B,PPMR,APF0,S3PB,NA-US-NC-Charlotte-Matthews,1
RN108227586,4/1/16 8:43 PM,RWD,W38B,PMNG,APF1,S3PB,NA-US-CA-Costa Mesa-3020 Pullman Street,1
RN109179536,9/13/18 5:39 PM,RWD,W38B,PPSW,APF2,S3PB,NA-US-CA-Fremont Delivery Hub,1
RN109186108,9/28/18 9:32 PM,RWD,W38B,PBSB,APF1,S3PB,NA-US-CA-Costa Mesa-3020 Pullman Street,1
RN108193966,4/1/16 7:20 PM,Stage 0,W39B,PMSS,APF0,S3PB,NA-US-OH-Cincinnati,1
RN107368705,4/3/16 9:35 AM,RWD,W39B,PPSB,APF1,S3PB,NA-US-NC-Raleigh-8800 Westgate Park Drive,1
RN108098539,4/1/16 9:15 PM,Stage 0,W38B,PMNG,APF2,S3PB,NA-US-OH-Cleveland-Lyndhurst,1
RN109186933,9/30/18 12:59 PM,RWD,W39B,PPSW,APF0,S3PB,NA-US-CA-Costa Mesa-3020 Pullman Street,1
RN107395574,7/13/17 5:00 AM,Stage 0,W39B,PPMR,APF2,S3PB,NA-US-GA-Alpharetta-Roswell,1
RN109007790,7/29/17 4:53 PM,Stage 0,W38B,PPSW,APF1,S3PB,NA-US-MO-Kansas City-Manchester,1
RN109096283,12/10/17 7:45 AM,Stage 0,W38B,PMSS,APF1,S3PB,NA-US-AZ-Tempe-E. University Drive,1
RN108659878,3/31/16 1:52 PM,RWD,W39B,PPSW,APF1,S3PB,NA-US-HI-Honolulu-746 Auahi Street,1
RN108830374,3/31/16 7:28 PM,RWD,W38B,PMNG,APF1,S3PB,NA-US-IL-Chicago-Highland Park,1
RN108154721,4/1/16 4:30 AM,Stage 0,W39B,PPSW,APF1,S3PB,NA-US-MD-Baltimore-Owings Mills,1
RN108907690,3/31/16 7:44 PM,RWD,W39B,PPSB,APF1,S3PB,NA-US-MO-St. Louis-University City,1
RN107599928,3/31/16 9:00 PM,RWD,W38B,PPMR,APF2,S3PB,NA-US-OH-Cleveland-Lyndhurst,1
RN109179786,9/13/18 7:34 PM,Stage 2,W32P,PPSW,APF1,S3PB,NA-US-CA-Marina Del Rey-Alla Road,1
RN107550008,4/1/16 9:06 AM,Stage 0,W38B,PPMR,APF0,S3PB,NA-US-CO-Littleton-Broadway,1
RN109003142,7/28/17 11:21 AM,Stage 0,W38B,PPMR,APF2,S3PB,NA-US-MA-Dedham,1
RN107655241,3/31/16 7:29 PM,RWD,W38B,PMNG,APF1,S3PB,NA-US-WA-Seattle-SoDo,1
RN107179128,4/1/16 1:18 PM,RWD,W39B,PPMR,APF2,S3PB,NA-US-AZ-Tempe-E. University Drive,1
RN107407095,4/2/16 5:34 AM,RWD,W38B,PPMR,APF1,S3PB,NA-US-TX-Houston-North,1
RN108881347,3/31/16 7:30 PM,Stage 0,W38B,PMNG,APF1,S3PB,NA-US-NY-Brooklyn-Van Brunt Street,1
RN109185745,9/28/18 1:53 PM,Stage 0,W38B,PMNG,APF2,S3PW,NA-US-CA-Sacramento-Rocklin,1
RN109174939,8/27/18 12:53 PM,Stage 0,W38B,PMBL,APF0,S3PB,NA-US-IL-Chicago-Highland Park,1
RN109171152,8/17/18 9:33 AM,RWD,W38B,PMNG,APF1,S3PB,NA-US-CA-Costa Mesa-3020 Pullman Street,1
RN107098479,4/1/16 6:06 AM,Stage 0,W38B,PMNG,APF1,S3PB,NA-US-TX-Houston-North,1
RN107551917,4/3/16 6:40 AM,Stage 0,W39B,PMNG,APF1,S3PB,NA-US-MA-Dedham,1
RN108770689,4/1/16 11:26 AM,Stage 0,W38B,PMNG,APF0,S3PW,NA-US-CO-Littleton-Broadway,1
RN108293059,9/8/16 6:40 PM,Stage 0,W38B,PMSS,APF2,S3PB,NA-US-NC-Charlotte-Matthews,1
RN107587806,3/31/16 8:00 PM,RWD,W38B,PPSW,APF1,S3PB,NA-US-AZ-Tempe-E. University Drive,1
RN107775181,3/31/16 7:29 PM,Stage 0,W38B,PMNG,APF0,S3PB,NA-US-WA-Seattle-SoDo,1
RN108156573,4/3/16 8:56 PM,Stage 0,W39B,PPSW,APF0,S3PB,NA-US-WA-Seattle-SoDo,1
RN107081532,3/31/16 10:02 AM,RWD,W38B,PPMR,APF0,S3PB,NA-US-PA-Devon,1
RN107317340,4/3/16 8:30 AM,Stage 0,W38B,PMNG,APF0,S3PB,NA-US-CA-Fremont Delivery Hub,1
RN108238015,4/7/16 7:48 AM,Stage 0,W38B,PPMR,APF0,S3PB,NA-US-GA-Alpharetta-Roswell,1
RN109164935,7/28/18 9:01 AM,Stage 0,W38B,PPSW,APF2,S3PW,NA-US-CO-Littleton-Broadway,1
RN108550406,3/31/16 11:06 AM,Stage 0,W38B,PMNG,APF2,S3PW,NA-US-CA-Marina Del Rey-Alla Road,1
RN107589680,3/31/16 1:35 PM,RWD,W39B,PPSW,APF0,S3PB,NA-US-WA-Seattle-SoDo,1
RN107427333,3/31/16 8:20 PM,RWD,W38B,PMSS,APF1,S3PB,NA-US-CO-Littleton-Broadway,1
RN107850709,3/31/16 7:37 AM,RWD,W39B,PMNG,APF0,S3PB,NA-US-FL-Dania Beach,1
RN108119601,3/31/16 7:43 PM,RWD,W38B,PMNG,APF0,S3PB,NA-CA-ON-Toronto-International Centre,1
RN107191097,3/31/16 7:31 PM,RWD,W38B,PMNG,APF0,S3PB,NA-US-CA-Costa Mesa-3020 Pullman Street,1
RN107188264,4/3/16 6:52 PM,RWD,W38B,PPSW,APF1,S3PB,NA-US-CA-Costa Mesa-3020 Pullman Street,1
RN107544315,4/1/16 10:28 AM,RWD,W39B,PPSB,APF2,S3PB,NA-US-CA-Fremont Delivery Hub,1
RN109028308,8/5/17 10:38 PM,Stage 0,W38B,PPSB,APF0,S3PB,NA-US-CO-Littleton-Broadway,1
RN108843324,4/1/16 7:32 AM,Stage 0,W38B,PBSB,APF0,S3PB,NA-US-IL-Chicago-West Grand Avenue,1
RN108533943,4/5/16 10:36 AM,Stage 0,W38B,PPMR,APF0,S3PB,NA-US-NC-Raleigh-8800 Westgate Park Drive,1
RN107107873,4/1/16 2:30 AM,RWD,W39B,PMSS,APF2,S3PB,NA-US-CA-Marina Del Rey-Alla Road,1
RN107581276,4/1/16 3:40 AM,Stage 0,W39B,PPSW,APF2,S3PB,NA-US-VA-Tysons Corner-Tyco Road,1
RN108075380,3/31/16 8:34 PM,RWD,W38B,PBSB,APF0,S3PB,NA-US-TX-Dallas-Cedar Springs Road,1
RN109171776,8/18/18 12:44 PM,Stage 0,W38B,PPSW,APF2,S3PW,NA-US-CA-Fremont Delivery Hub,1
RN109185964,9/28/18 2:06 PM,RWD,W39B,PMBL,APF2,S3PB,NA-US-CA-Fremont-Direct Delivery,1
RN107933964,8/24/16 12:39 AM,Stage 0,W38B,PMNG,APF1,S3PB,NA-US-MA-Dedham,1
RN109028775,8/6/17 6:26 PM,RWD,W39B,PMNG,APF1,S3PB,NA-US-NY-Manhasset-Americana Manhasset,1
RN108246581,2/24/17 10:40 AM,Stage 0,W38B,PPSW,APF0,S3PW,NA-US-AZ-Tempe-E. University Drive,1
RN108667780,7/7/17 5:04 PM,Stage 0,W38B,PPMR,APF1,S3PB,NA-US-OR-Portland-SW Macadam Ave,1
RN109146966,5/27/18 8:52 AM,RWD,W39B,PPSW,APF0,S3PB,NA-US-CA-Fremont Delivery Hub,1
RN109165876,7/31/18 7:42 AM,RWD,W38B,PMSS,APF1,S3PB,NA-US-PA-Devon,1
RN108111278,4/1/16 2:19 AM,RWD,W39B,PMNG,APF1,S3PB,NA-US-WA-Bellevue-20th Street,1
RN107519722,3/31/16 12:16 PM,RWD,W38B,PPSW,APF1,S3PB,NA-US-WA-Bellevue-20th Street,1
RN107261183,4/2/16 10:11 AM,Stage 0,W38B,PPMR,APF0,S3PB,NA-US-IL-Chicago-Westmont,1
RN109001365,7/27/17 2:47 AM,RWD,W38B,PPSW,APF1,S3PB,NA-US-CA-Marina Del Rey-Alla Road,1
RN109175241,8/30/18 7:11 AM,Stage 0,W39B,PMNG,APF2,S3PB,NA-US-CA-Fremont Delivery Hub,1
RN109104137,1/7/18 6:39 PM,Stage 0,W39B,PPSW,APF1,S3PW,NA-US-CA-Costa Mesa-3020 Pullman Street,1
RN109171269,8/16/18 4:24 PM,RWD,W39B,PPSW,APF1,S3PB,NA-US-WA-Bellevue-20th Street,1
RN107655385,3/31/16 7:36 PM,Stage 0,W39B,PPSW,APF1,S3PB,NA-US-CA-Marina Del Rey-Alla Road,1
RN107892271,3/31/16 10:22 AM,RWD,W38B,PPSW,APF1,S3PB,NA-US-OH-Cincinnati,1
RN108314973,3/31/16 10:05 AM,RWD,W39B,PMSS,APF1,S3PB,NA-US-CA-Costa Mesa-3020 Pullman Street,1
RN107530853,3/31/16 7:37 PM,RWD,W38B,PPMR,APF1,S3PB,NA-US-CA-Marina Del Rey-Alla Road,1
RN107891853,3/31/16 11:26 PM,Stage 0,W38B,PPMR,APF1,S3PB,NA-US-OR-Portland-SW Macadam Ave,1
RN108109651,4/1/16 2:09 PM,Stage 0,W39B,PMNG,APF2,S3PB,NA-US-AZ-Tempe-E. University Drive,1
RN108870021,3/31/16 10:35 AM,RWD,W39B,PPSW,APF1,S3PB,NA-US-NJ-Paramus-Route 17,1
RN109182925,9/21/18 8:44 AM,Stage 0,W39B,PBSB,APF0,S3PB,NA-US-TX-Dallas-Cedar Springs Road,1
RN107657538,4/2/16 9:26 PM,RWD,W38B,PMNG,APF1,S3PB,NA-US-CA-Fremont Delivery Hub,1
RN108869079,4/1/16 8:27 PM,RWD,W38B,PPSW,APF2,S3PB,NA-US-CA-San Diego-6495 Marindustry Place,1
RN108086137,4/2/16 10:23 AM,Stage 0,W38B,PPSW,APF0,S3PB,NA-US-CA-JPLogistics-Hub,1
RN108666967,4/1/16 5:36 PM,RWD,W38B,PPMR,APF2,S3PB,NA-US-TX-Dallas-Cedar Springs Road,1
RN108216251,3/31/16 10:14 PM,Stage 0,W38B,PMNG,APF1,S3PB,NA-US-NV-Las Vegas-W. Sahara Ave,1
RN107421811,4/21/16 9:19 AM,Stage 0,W38B,PMSS,APF1,S3PB,NA-US-MD-Baltimore-Owings Mills,1
RN108608123,3/31/16 12:05 PM,RWD,W39B,PMSS,APF1,S3PB,NA-US-CA-Marina Del Rey-Alla Road,1
RN108765229,4/1/16 5:40 PM,Stage 0,W38B,PMNG,APF2,S3PB,NA-US-NC-Raleigh-8800 Westgate Park Drive,1
RN107806966,7/18/17 12:04 PM,RWD,W39B,PBSB,APF0,S3PB,NA-US-MO-St. Louis-University City,1
RN107279957,6/8/17 10:30 AM,Stage 0,W38B,PMNG,APF1,S3PB,NA-US-FL-Orlando-Eatonville,1
RN107050849,4/2/16 5:38 AM,Stage 0,W38B,PMNG,APF1,S3PB,NA-US-NY-Westchester-Mt Kisco,1
RN107825987,4/2/16 11:02 AM,Stage 0,W39B,PMNG,APF0,S3PB,NA-CA-QC-Montreal-Ferrier,1
RN108210408,3/31/16 11:04 AM,Stage 0,W38B,PPMR,APF1,S3PB,NA-US-WA-Bellevue-20th Street,1
RN107226377,3/31/16 7:30 PM,RWD,W38B,PPSW,APF0,S3PB,NA-CA-ON-Toronto-International Centre,1
RN107453375,1/30/17 12:38 PM,Stage 0,W38B,PPSW,APF0,S3PB,NA-US-MA-Dedham,1
RN108541536,4/4/16 10:04 AM,RWD,W38B,PPSB,APF0,S3PB,NA-US-CA-Fremont Delivery Hub,1
RN108844813,3/31/16 7:29 PM,RWD,W38B,PMNG,APF1,S3PB,NA-US-NY-Westchester-Mt Kisco,1
RN109154731,6/25/18 5:32 AM,Stage 0,W38B,PPMR,APF2,S3PB,NA-US-CA-Fremont-47400 Kato Road,1
RN109170937,8/13/18 12:05 PM,Stage 0,W39B,PMSS,APF0,S3PB,NA-US-CA-Fremont-47400 Kato Road,1
RN108195771,4/1/16 6:27 AM,Stage 0,W38B,PMNG,APF2,S3PB,NA-US-NY-Westchester-Mt Kisco,1
RN108690705,4/6/16 6:58 AM,Stage 0,W38B,PMNG,APF1,S3PB,NA-US-MA-Dedham,1
RN107005196,4/1/16 7:17 AM,Stage 0,W38B,PPMR,APF0,S3PB,NA-US-NY-Westchester-Mt Kisco,1
RN108801154,5/30/16 4:49 PM,Stage 0,W38B,PPSW,APF0,S3PB,NA-US-IN-Indianapolis,1
RN109014587,8/1/17 4:05 PM,Stage 0,W38B,PPSB,APF0,S3PB,NA-US-WA-Bellevue-20th Street,1
RN109179439,9/13/18 9:25 AM,RWD,W38B,PPSW,APF1,S3PB,NA-US-FL-Jacksonville,1
RN108996106,6/24/16 6:28 AM,RWD,W39B,PBSB,APF0,S3PB,NA-US-CA-Sacramento-Rocklin,1
RN107894726,3/31/16 7:33 PM,RWD,W38B,PPSW,APF1,S3PB,NA-US-CA-Costa Mesa-3020 Pullman Street,1
RN108492383,4/1/16 10:22 AM,Stage 0,W39B,PMNG,APF0,S3PB,NA-US-NV-Las Vegas-W. Sahara Ave,1
RN108916433,4/1/16 4:09 PM,RWD,W38B,PMBL,APF0,S3PB,NA-US-FL-Orlando-Eatonville,1
RN107888399,3/31/16 12:28 PM,RWD,W38B,PMNG,APF0,S3PB,NA-US-CA-Sacramento-Rocklin,1
RN109002776,7/28/17 12:09 AM,RWD,W39B,PPSB,APF0,S3PB,NA-US-CA-San Diego-Miramar,1
RN108778541,5/16/17 5:35 PM,RWD,W38B,PMNG,APF1,S3PB,NA-US-CA-Fremont Delivery Hub,1
RN107807204,3/31/16 9:03 PM,RWD,W38B,PMNG,APF1,S3PB,NA-CA-ON-Toronto-International Centre,1
RN107506119,3/31/16 8:51 PM,RWD,W39B,PBSB,APF1,S3PB,NA-US-MD-Rockville,1
RN107006287,4/22/16 11:08 AM,RWD,W39B,PMNG,APF0,S3PB,NA-US-FL-Miami-Coral Gables,1
RN108688164,4/1/16 12:06 PM,Stage 0,W38B,PPSW,APF0,S3PB,NA-US-CA-Fremont-Direct Delivery,1
RN108179871,3/31/16 7:34 PM,RWD,W38B,PMSS,APF1,S3PB,NA-US-IL-Chicago-Highland Park,1
RN108994774,3/31/16 7:44 AM,Stage 0,W38B,PPMR,APF1,S3PB,NA-US-MD-Rockville,1
RN109162995,7/23/18 12:02 PM,RWD,W38B,PPSW,APF0,S3PB,NA-US-MA-Dedham,1
RN108170409,7/7/17 2:28 PM,RWD,W38B,PMSS,APF0,S3PB,NA-US-WA-Seattle-SoDo,1
RN108122766,4/3/16 7:29 PM,RWD,W38B,PMNG,APF0,S3PB,NA-US-CA-Marina Del Rey-Alla Road,1
RN107781780,3/31/16 7:37 PM,Stage 0,W38B,PBSB,APF0,S3PB,NA-US-NC-Charlotte-Matthews,1
RN108785146,4/2/16 6:06 AM,Stage 2,W32P,PPMR,APF2,S3PW,NA-US-FL-Dania Beach,1
RN108464588,10/21/16 3:43 PM,RWD,W39B,PBSB,APF2,S3PB,NA-US-VA-Tysons Corner-Tyco Road,1
RN109177267,9/6/18 9:57 AM,RWD,W38B,PPSW,APF2,S3PB,NA-US-CA-Sacramento-Rocklin,1
RN107355062,3/31/16 9:04 AM,RWD,W39B,PPSW,APF0,S3PB,NA-US-MA-Dedham,1
RN109178731,9/10/18 11:10 AM,Stage 0,W38B,PBSB,APF0,S3PB,NA-US-CA-JPLogistics-Hub,1
RN109168995,8/8/18 7:21 PM,RWD,W38B,PPMR,APF2,S3PB,NA-US-MA-Dedham,1
RN108697709,3/31/16 11:39 AM,RWD,W38B,PPSB,APF2,S3PB,NA-US-CA-San Diego-Miramar,1
RN107454962,5/6/16 10:20 AM,RWD,W39B,PMSS,APF2,S3PB,NA-US-GA-Alpharetta-Roswell,1
RN109107514,1/15/18 9:32 PM,Stage 0,W38B,PPMR,APF1,S3PB,NA-US-HI-Honolulu-746 Auahi Street,1
RN108826191,4/5/16 11:42 PM,Stage 0,W39B,PBSB,APF0,S3PB,NA-US-CA-Sacramento-Rocklin,1
RN108426925,4/7/16 10:44 PM,RWD,W38B,PPSW,APF1,S3PB,NA-US-CA-Marina Del Rey-Alla Road,1
RN107016670,4/6/16 9:07 PM,RWD,W39B,PPSW,APF1,S3PB,NA-US-CA-Marina Del Rey-Alla Road,1
RN109172639,8/21/18 8:01 AM,Stage 0,W39B,PPSB,APF1,S3PB,NA-US-NY-Manhasset-Americana Manhasset,1
RN107944755,12/28/16 7:58 PM,RWD,W38B,PPSW,APF1,S3PB,NA-US-FL-Jacksonville,1
RN107084571,3/31/16 9:48 PM,RWD,W38B,PPMR,APF1,S3PB,NA-US-CA-Costa Mesa-3020 Pullman Street,1
RN107561244,7/8/17 9:36 AM,RWD,W38B,PPSB,APF1,S3PB,NA-US-NJ-Cherry Hill,1
RN107917262,3/31/16 7:50 PM,Stage 2,W32P,PBSB,APF2,S3PW,NA-US-TX-Houston-North,1
RN109165584,8/1/18 1:43 PM,Stage 0,W39B,PMSS,APF0,S3PB,NA-US-CA-Costa Mesa-3020 Pullman Street,1
RN109147506,6/2/18 6:43 AM,Stage 0,W38B,PBSB,APF0,S3PB,NA-US-WA-Bellevue-20th Street,1
RN108422990,4/2/16 6:07 AM,Stage 0,W38B,PPSB,APF2,S3PB,NA-US-MA-Dedham,1
RN108263883,4/2/16 9:24 AM,RWD,W38B,PPMR,APF1,S3PB,NA-US-CA-Sacramento-Rocklin,1
RN108912885,3/31/16 7:29 PM,RWD,W39B,PMNG,APF1,S3PB,NA-US-CA-Marina Del Rey-Alla Road,1
RN108639825,3/31/16 7:36 PM,RWD,W39B,PPMR,APF2,S3PB,NA-US-FL-Tampa,1
RN107404791,3/31/16 7:13 AM,RWD,W39B,PMSS,APF2,S3PB,NA-US-MD-Baltimore-Owings Mills,1
RN108407837,3/31/16 10:16 AM,RWD,W38B,PMSS,APF1,S3PB,NA-US-CO-Littleton-Broadway,1
RN108375999,5/13/17 6:53 PM,RWD,W38B,PPMR,APF2,S3PB,NA-US-CA-Costa Mesa-3020 Pullman Street,1
RN109141031,5/6/18 11:23 PM,RWD,W38B,PMNG,APF1,S3PB,NA-US-CA-Fremont Delivery Hub,1
RN109159392,7/11/18 3:27 PM,Stage 0,W38B,PMSS,APF1,S3PB,NA-US-IL-Chicago-Highland Park,1
RN107760265,4/1/16 6:19 AM,Stage 0,W38B,PMSS,APF1,S3PB,NA-US-CA-JPLogistics-Hub,1
RN107882746,3/31/16 1:39 PM,RWD,W39B,PMNG,APF1,S3PB,NA-US-CA-Marina Del Rey-Alla Road,1
RN108753499,3/31/16 11:53 AM,RWD,W38B,PBSB,APF1,S3PB,NA-US-TX-Austin-Pond Springs,1
RN109036284,8/17/17 12:27 AM,Stage 0,W38B,PMNG,APF2,S3PB,NA-US-CA-Fremont Delivery Hub,1
RN107302538,2/16/17 7:46 AM,Stage 0,W39B,PPSB,APF1,S3PB,NA-US-CA-Marina Del Rey-Alla Road,1
RN107046924,4/1/16 12:11 AM,Stage 0,W38B,PPSW,APF1,S3PB,NA-US-AZ-Tempe-E. University Drive,1
RN107185720,5/3/17 8:30 AM,Stage 0,W39B,PBSB,APF2,S3PW,NA-US-FL-Tampa,1
RN108674820,3/31/16 7:33 PM,Stage 0,W39B,PMNG,APF1,S3PB,NA-US-NY-Westchester-Mt Kisco,1
RN107612738,4/29/16 2:49 PM,Stage 0,W38B,PMNG,APF2,S3PB,NA-US-CA-Fremont Delivery Hub,1
RN109162290,7/23/18 6:35 PM,RWD,W38B,PPSW,APF0,S3PB,NA-US-CA-Sacramento-Rocklin,1
RN108040181,3/31/16 9:08 PM,RWD,W39B,PMSS,APF2,S3PB,NA-US-CA-Costa Mesa-3020 Pullman Street,1
RN109039215,8/22/17 8:25 AM,RWD,W38B,PMSS,APF1,S3PB,NA-US-FL-Orlando-Eatonville,1
RN107387622,5/12/16 7:40 AM,RWD,W38B,PPMR,APF1,S3PB,NA-US-VA-Tysons Corner-Tyco Road,1
RN108585048,4/1/16 8:45 AM,RWD,W39B,PPSW,APF2,S3PB,NA-US-CA-Marina Del Rey-Alla Road,1
RN108700336,4/1/16 9:55 PM,RWD,W39B,PMNG,APF0,S3PB,NA-US-TX-Houston-North,1
RN108540721,3/31/16 7:30 PM,RWD,W38B,PMNG,APF1,S3PB,NA-US-IL-Chicago-Highland Park,1
RN109138590,4/28/18 3:07 AM,RWD,W38B,PMNG,APF0,S3PB,NA-US-TX-Dallas-Cedar Springs Road,1
RN109027754,8/4/17 9:18 PM,RWD,W38B,PMSS,APF0,S3PB,NA-US-UT-Salt Lake City-South 300 West,1
RN109051053,9/19/17 2:48 PM,RWD,W38B,PBSB,APF1,S3PB,NA-US-CA-San Diego-6495 Marindustry Place,1
RN108407575,4/1/16 4:24 PM,Stage 0,W39B,PPMR,APF0,S3PB,NA-US-WA-Bellevue-20th Street,1
RN109182010,9/16/18 5:28 PM,RWD,W38B,PMNG,APF1,S3PB,NA-US-WA-Bellevue-20th Street,1
RN107253045,12/25/16 5:10 AM,RWD,W39B,PMNG,APF0,S3PB,NA-US-TX-Dallas-Cedar Springs Road,1
RN109114145,2/2/18 1:13 AM,Stage 0,W39B,PMSS,APF2,S3PB,NA-US-FL-Dania Beach,1
RN108318722,5/4/16 7:24 AM,RWD,W39B,PMSS,APF1,S3PB,NA-US-TX-San Antonio-Dominion,1
RN108824932,4/3/16 4:43 PM,RWD,W39B,PPSW,APF1,S3PB,NA-US-CA-Fremont Delivery Hub,1
RN108531547,4/23/16 10:29 PM,RWD,W39B,PMSS,APF0,S3PB,NA-US-NY-Brooklyn-Van Brunt Street,1
RN108588916,2/2/17 7:01 AM,Stage 0,W39B,PMNG,APF2,S3PW,NA-US-MA-Dedham,1
RN107157186,3/31/16 8:57 PM,RWD,W38B,PPMR,APF1,S3PB,NA-US-CA-Costa Mesa-3020 Pullman Street,1
RN107172614,3/31/16 8:22 PM,RWD,W38B,PPSB,APF1,S3PB,NA-US-OR-Portland-SW Macadam Ave,1
RN109165422,7/31/18 6:52 AM,Stage 0,W39B,PPSW,APF1,S3PB,NA-US-NY-Manhasset-Americana Manhasset,1
RN108745571,4/1/16 1:22 PM,Stage 0,W39B,PPMR,APF0,S3PB,NA-US-MA-Dedham,1
RN107645498,4/2/16 12:38 AM,Stage 0,W39B,PPMR,APF1,S3PW,NA-US-CA-Fremont Delivery Hub,1
RN109145813,5/24/18 9:29 PM,RWD,W38B,PPMR,APF0,S3PB,NA-US-CA-Fremont Delivery Hub,1
RN107897721,3/31/16 8:31 AM,RWD,W38B,PPSW,APF1,S3PB,NA-US-IL-Chicago-Highland Park,1
RN108546882,12/13/16 12:36 PM,Stage 0,W39B,PPSW,APF2,S3PB,NA-US-CA-Costa Mesa-3020 Pullman Street,1
RN108349284,4/1/16 2:12 PM,RWD,W38B,PBSB,APF0,S3PB,NA-US-OR-Portland-SW Macadam Ave,1
RN107440506,6/19/17 10:07 PM,RWD,W39B,PMSS,APF1,S3PB,NA-US-CA-Sacramento-Rocklin,1
RN107535500,3/31/16 7:17 PM,Stage 0,W39B,PPSW,APF2,S3PW,NA-US-FL-Miami-Coral Gables,1
RN107295057,4/1/16 5:26 AM,RWD,W38B,PBSB,APF0,S3PB,NA-US-MA-Dedham,1
RN108235753,3/31/16 10:03 AM,RWD,W38B,PPSW,APF1,S3PB,NA-US-MA-Dedham,1
RN109098256,12/17/17 9:44 PM,Stage 0,W39B,PMSS,APF0,S3PB,NA-US-NJ-Paramus-Route 17,1
RN109170056,8/10/18 11:18 AM,Stage 2,W32P,PMNG,APF1,S3PB,NA-US-CA-Marina Del Rey-Alla Road,1
RN107689737,4/1/16 9:46 AM,Stage 0,W38B,PMSS,APF1,S3PB,NA-US-CA-Fremont-Direct Delivery,1
RN109173389,8/25/18 3:26 PM,RWD,W38B,PMNG,APF1,S3PB,NA-US-AZ-Tempe-E. University Drive,1
RN108509109,7/9/17 11:07 AM,Stage 0,W38B,PPSW,APF1,S3PB,NA-US-CA-Fremont Delivery Hub,1
RN109102438,12/31/17 6:02 AM,Stage 0,W38B,PPSB,APF0,S3PW,NA-US-VA-Tysons Corner-Tyco Road,1
RN107553790,3/31/16 2:22 PM,RWD,W39B,PBSB,APF2,S3PB,NA-US-CO-Littleton-Broadway,1
RN107683789,3/31/16 8:42 PM,RWD,W38B,PPMR,APF1,S3PB,NA-US-WA-Bellevue-20th Street,1
RN108758633,3/31/16 8:17 AM,RWD,W38B,PPMR,APF1,S3PB,NA-US-MA-Dedham,1
RN109178929,9/10/18 12:07 PM,Stage 0,W38B,PPSW,APF1,S3PB,NA-US-OR-Portland-SW Macadam Ave,1
RN107088012,10/26/16 5:51 PM,Stage 0,W38B,PPMR,APF0,S3PB,NA-US-MA-Dedham,1
RN109147486,5/31/18 2:49 PM,Stage 0,W39B,PMSS,APF1,S3PB,NA-US-VA-Richmond-Glen Allen,1
RN109104514,1/6/18 8:45 PM,Stage 0,W38B,PMSS,APF1,S3PW,NA-US-NJ-Cherry Hill,1
RN108171357,3/31/16 8:58 PM,RWD,W39B,PPMR,APF1,S3PB,NA-US-VA-Tysons Corner-Tyco Road,1
RN107399111,5/3/17 10:25 AM,RWD,W39B,PMSS,APF1,S3PB,NA-US-AZ-Tempe-E. University Drive,1
RN107936070,4/2/16 4:35 PM,RWD,W38B,PPSW,APF1,S3PB,NA-US-IL-Chicago-Westmont,1
RN107629311,4/3/16 6:37 AM,RWD,W38B,PPSB,APF2,S3PB,NA-US-FL-West Palm Beach,1
RN109039546,8/22/17 7:49 PM,RWD,W38B,PBSB,APF1,S3PB,NA-US-NJ-Springfield,1
RN107081568,3/31/16 8:01 PM,Stage 0,W38B,PMNG,APF1,S3PB,NA-US-NV-Las Vegas-W. Sahara Ave,1
RN108311283,5/28/17 8:40 AM,RWD,W38B,PPMR,APF1,S3PB,NA-US-AZ-Tempe-E. University Drive,1
RN109165506,7/30/18 9:54 PM,RWD,W38B,PMSS,APF0,S3PB,NA-US-TX-Dallas-Cedar Springs Road,1
RN107577590,6/16/16 11:29 AM,RWD,W38B,PPSW,APF0,S3PB,NA-US-CA-Costa Mesa-3020 Pullman Street,1
RN108393892,6/12/17 9:20 AM,Stage 0,W38B,PPMR,APF2,S3PB,NA-US-NJ-Springfield,1
RN107929784,4/6/16 11:49 AM,RWD,W38B,PPMR,APF1,S3PB,NA-US-NC-Charlotte-Matthews,1
RN109096569,12/13/17 2:59 PM,Stage 0,W39B,PMBL,APF0,S3PB,NA-US-NY-Brooklyn-Van Brunt Street,1
RN107912415,5/3/17 7:34 PM,RWD,W38B,PBSB,APF1,S3PB,NA-US-CA-San Diego-6495 Marindustry Place,1
RN108218326,3/31/16 4:12 PM,Stage 0,W39B,PMNG,APF2,S3PB,NA-US-AZ-Tempe-E. University Drive,1
RN107474601,3/31/16 11:18 PM,RWD,W39B,PMSS,APF0,S3PB,NA-US-WA-Seattle-SoDo,1
RN109000293,7/26/17 12:46 AM,Stage 0,W38B,PPSW,APF1,S3PB,NA-US-CA-Marina Del Rey-Alla Road,1
RN109165843,7/31/18 12:56 PM,Stage 0,W39B,PMSS,APF1,S3PW,NA-US-CA-San Diego-6495 Marindustry Place,1
RN108550957,3/31/16 8:57 PM,RWD,W39B,PMNG,APF1,S3PB,NA-US-TX-Dallas-Cedar Springs Road,1
RN109161094,7/14/18 12:21 PM,Stage 0,W38B,PPSB,APF1,S3PB,NA-US-VA-Tysons Corner-Tyco Road,1
RN107589337,4/20/16 12:12 PM,RWD,W38B,PPSW,APF1,S3PB,NA-US-NY-Manhasset-Americana Manhasset,1
RN108814022,5/8/16 7:24 PM,Stage 0,W39B,PMNG,APF1,S3PB,NA-US-GA-Alpharetta-Roswell,1
RN107922231,3/31/16 9:24 PM,Stage 2,W32P,PMSS,APF1,S3PW,NA-US-WA-Bellevue-20th Street,0
RN107615865,3/31/16 12:23 PM,Stage 0,W39B,PPSW,APF0,S3PB,NA-CA-BC-Vancouver-Powell Street,1
RN108691103,3/31/16 8:37 PM,RWD,W38B,PMNG,APF2,S3PB,NA-US-CA-Fremont Delivery Hub,1
RN108000596,3/31/16 7:57 AM,RWD,W39B,PBSB,APF0,S3PB,NA-US-MD-Rockville,1
RN108721287,4/18/17 1:22 PM,RWD,W38B,PPSW,APF0,S3PB,NA-US-TX-Dallas-Cedar Springs Road,1
RN109133412,4/7/18 4:08 PM,RWD,W39B,PMNG,APF1,S3PB,NA-US-TX-Houston-North,1
RN107361238,4/7/16 12:45 PM,RWD,W38B,PPSW,APF0,S3PB,NA-US-IL-Chicago-Highland Park,1
RN109026858,8/4/17 5:27 AM,Stage 0,W39B,PMBL,APF1,S3PB,NA-US-GA-Alpharetta-Roswell,1
RN107152162,5/15/16 3:17 PM,Stage 0,W38B,PPSB,APF0,S3PB,NA-US-TX-San Antonio-Dominion,1
RN108572635,4/7/16 8:18 PM,Stage 0,W39B,PPSW,APF1,S3PB,NA-US-CA-Costa Mesa-3020 Pullman Street,1
RN107020771,3/31/16 7:29 PM,Stage 0,W39B,PPSB,APF0,S3PB,NA-US-OR-Portland-SW Macadam Ave,1
RN109171049,8/13/18 1:59 PM,RWD,W38B,PPMR,APF0,S3PB,NA-US-CA-San Francisco-Port of San Francisco,1
RN107040230,4/1/16 5:52 AM,RWD,W39B,PPSW,APF1,S3PB,NA-US-CA-Fremont Delivery Hub,1
RN109166918,8/2/18 5:19 PM,Stage 0,W39B,PMNG,APF0,S3PB,NA-US-AZ-Tempe-E. University Drive,1
RN107768719,5/10/16 10:16 PM,RWD,W38B,PMNG,APF1,S3PB,NA-CA-AB-Calgary-6702 Fairmount Drive SE,1
RN107019569,3/31/16 7:36 PM,RWD,W38B,PBSB,APF1,S3PB,NA-US-FL-Miami-Coral Gables,1
RN108374920,3/31/16 7:50 PM,Stage 0,W38B,PMNG,APF0,S3PB,NA-US-WA-Seattle-SoDo,1
RN107369391,4/1/16 7:53 AM,RWD,W38B,PPSB,APF2,S3PB,NA-US-CA-Fremont Delivery Hub,1
RN109138532,4/27/18 11:45 AM,RWD,W39B,PMSS,APF1,S3PB,NA-US-WA-Bellevue-20th Street,1
RN108159886,4/14/16 2:33 PM,RWD,W39B,PPMR,APF0,S3PB,NA-US-CA-Fremont-47400 Kato Road,1
RN109168416,8/8/18 5:43 PM,Stage 0,W39B,PPSB,APF1,S3PW,NA-US-CA-Fremont Delivery Hub,1
RN108545109,4/7/16 6:46 PM,RWD,W38B,PBSB,APF1,S3PB,NA-US-IL-Chicago-Westmont,1
RN109015155,8/2/17 12:34 AM,RWD,W39B,PPSW,APF1,S3PB,NA-US-FL-Dania Beach,1
RN107771863,4/2/16 10:00 AM,Stage 0,W39B,PPSW,APF0,S3PB,NA-US-CA-Fremont Delivery Hub,1
RN109135809,4/16/18 5:40 PM,RWD,W38B,PMNG,APF2,S3PB,NA-US-CA-Marina Del Rey-Alla Road,1
RN108254632,3/31/16 8:22 PM,RWD,W39B,PPSB,APF2,S3PB,NA-US-MD-Rockville,1
RN108437506,7/8/17 9:16 AM,RWD,W39B,PMSS,APF1,S3PB,NA-US-CA-Fremont Delivery Hub,1
RN108578175,3/31/16 10:14 AM,RWD,W38B,PPMR,APF0,S3PB,NA-US-NV-Las Vegas-W. Sahara Ave,1
RN107316535,4/16/16 8:24 AM,RWD,W38B,PMNG,APF1,S3PB,NA-US-FL-Orlando-Eatonville,1
RN109010719,7/30/17 7:35 PM,Stage 0,W39B,PPSW,APF2,S3PB,NA-US-CA-JPLogistics-Hub,1
RN108774446,4/2/16 8:29 AM,RWD,W38B,PPMR,APF0,S3PB,NA-US-AZ-Tempe-E. University Drive,1
RN107811978,3/31/16 7:29 PM,RWD,W38B,PPSW,APF1,S3PB,NA-US-WA-Bellevue-20th Street,1
RN107831229,4/4/16 1:28 AM,Stage 0,W38B,PMSS,APF1,S3PB,NA-US-CA-Sacramento-Rocklin,1
RN108324658,4/1/16 11:48 AM,Stage 0,W39B,PBSB,APF1,S3PB,NA-US-IL-Chicago-Highland Park,1
RN107634039,3/31/16 8:31 PM,RWD,W39B,PPMR,APF0,S3PB,NA-US-TN-Nashville-Brentwood,1
RN109061192,10/25/17 1:12 AM,RWD,W39B,PPSB,APF1,S3PB,NA-US-CA-Los Angeles-Centinela,1
RN107165633,4/3/16 12:21 PM,Stage 0,W39B,PPSW,APF1,S3PB,NA-US-CO-Littleton-Broadway,1
RN109169389,8/11/18 12:25 PM,Stage 0,W39B,PMBL,APF2,S3PB,NA-US-MO-Kansas City-Manchester,1
RN109165537,7/31/18 3:23 PM,RWD,W38B,PMBL,APF1,S3PB,NA-US-CA-Marina Del Rey-Alla Road,1
RN108128010,5/1/17 6:46 PM,RWD,W38B,PMNG,APF2,S3PB,NA-US-NV-Las Vegas-W. Sahara Ave,1
RN107268195,4/1/16 8:00 AM,RWD,W38B,PPSB,APF2,S3PB,NA-US-CA-Fremont Delivery Hub,1
RN107988246,3/31/16 7:41 PM,RWD,W39B,PPSB,APF0,S3PB,NA-US-CA-Fremont Delivery Hub,1
RN107566665,3/31/16 11:23 AM,RWD,W38B,PMNG,APF1,S3PB,NA-US-TX-Austin-Pond Springs,1
RN109185660,9/29/18 3:15 PM,Stage 0,W39B,PBSB,APF0,S3PB,NA-US-MA-Dedham,1
RN109043938,8/28/17 1:09 PM,RWD,W38B,PPSB,APF2,S3PB,NA-US-GA-Atlanta-Decatur,1
RN108324812,3/31/16 7:32 PM,RWD,W39B,PPSW,APF2,S3PB,NA-US-CA-San Diego-Miramar,1
RN109047690,9/9/17 8:53 PM,Stage 0,W39B,PMNG,APF1,S3PB,NA-US-MA-Dedham,1
RN107331541,4/1/16 2:02 PM,Stage 0,W39B,PPMR,APF0,S3PW,NA-US-NY-Westchester-Mt Kisco,1
RN108933352,4/2/16 6:38 AM,Stage 0,W38B,PBSB,APF1,S3PB,NA-US-FL-Tampa,1
RN108825145,4/2/16 7:45 PM,Stage 0,W38B,PMSS,APF0,S3PB,NA-US-CA-Fremont-Direct Delivery,1
RN108419907,3/31/16 7:30 PM,RWD,W39B,PMBL,APF0,S3PB,NA-US-NC-Charlotte-Matthews,1
RN107334372,4/1/16 1:02 PM,RWD,W38B,PMNG,APF0,S3PB,NA-US-CA-Fremont Delivery Hub,1
RN107112830,4/2/16 2:23 PM,RWD,W38B,PMSS,APF2,S3PB,NA-US-GA-Atlanta-Decatur,1
RN109161014,7/15/18 4:11 PM,RWD,W38B,PPMR,APF2,S3PB,NA-US-CA-Fremont Delivery Hub,1
RN109128485,3/17/18 11:11 PM,Stage 0,W38B,PPMR,APF2,S3PB,NA-CA-BC-Vancouver-Powell Street,1
RN109164267,7/27/18 7:40 PM,Stage 0,W38B,PPMR,APF1,S3PB,NA-US-NY-Westchester-Mt Kisco,1
RN107098897,10/24/16 7:44 AM,Stage 0,W39B,PMNG,APF1,S3PB,NA-US-NY-Brooklyn-Van Brunt Street,1
RN107101733,4/1/16 6:25 AM,RWD,W39B,PMBL,APF1,S3PB,NA-US-GA-Atlanta-Decatur,1
RN109171243,8/17/18 11:54 AM,RWD,W39B,PBSB,APF0,S3PB,NA-US-TX-Dallas-Cedar Springs Road,1
RN108154350,3/31/16 8:12 PM,RWD,W38B,PMSS,APF1,S3PB,NA-US-TX-Austin-Pond Springs,1
RN108250881,7/19/17 11:01 AM,RWD,W38B,PBSB,APF1,S3PB,NA-US-MD-Baltimore-Owings Mills,1
RN109101317,12/30/17 4:11 PM,Stage 0,W38B,PPSB,APF2,S3PB,NA-US-TN-Nashville-Brentwood,1
RN107811191,4/1/16 2:33 PM,Stage 0,W38B,PMSS,APF0,S3PB,NA-US-CA-Los Angeles-Office,1
RN108510633,3/31/16 7:29 PM,RWD,W38B,PBSB,APF0,S3PB,NA-US-TX-Dallas-Cedar Springs Road,1
RN108054998,3/31/16 8:07 PM,RWD,W38B,PMSS,APF0,S3PB,NA-US-CO-Littleton-Broadway,1
RN108988725,4/2/16 3:21 PM,Stage 0,W38B,PMBL,APF1,S3PB,NA-US-NC-Charlotte-Matthews,1
RN107935148,3/31/16 8:39 PM,RWD,W38B,PBSB,APF1,S3PB,NA-US-OH-Cincinnati,1
RN107388905,4/1/16 8:10 AM,Stage 0,W39B,PPSB,APF2,S3PB,NA-US-GA-Alpharetta-Roswell,1
RN109161260,7/16/18 1:55 AM,RWD,W39B,PMNG,APF1,S3PB,NA-US-CA-Costa Mesa-3020 Pullman Street,1
RN108687786,3/31/16 7:39 PM,RWD,W38B,PPSW,APF1,S3PB,NA-US-CA-Costa Mesa-3020 Pullman Street,1
RN108758201,3/31/16 12:19 PM,RWD,W38B,PMBL,APF0,S3PB,NA-US-MO-Kansas City-Manchester,1
RN108283774,9/6/16 6:52 AM,Stage 0,W38B,PBSB,APF0,S3PB,NA-US-CA-Costa Mesa-3020 Pullman Street,1
RN108564989,4/2/16 2:34 PM,RWD,W39B,PPMR,APF0,S3PB,NA-US-CA-Marina Del Rey-Alla Road,1
RN107840392,3/31/16 7:33 PM,RWD,W39B,PPMR,APF1,S3PB,NA-US-TX-Houston-North,1
RN107480375,4/4/16 5:04 AM,Stage 0,W39B,PPSB,APF0,S3PB,NA-US-MO-Kansas City-Manchester,1
RN107975022,8/26/16 6:27 PM,Stage 0,W38B,PBSB,APF2,S3PB,NA-US-OH-Cincinnati,1
RN109184737,9/26/18 3:29 PM,Stage 0,W39B,PPSB,APF1,S3PB,NA-US-TN-Nashville-Brentwood,1
RN109176616,9/3/18 1:13 PM,RWD,W39B,PMNG,APF0,S3PB,NA-US-PA-Pittsburgh-Wexford,1
RN107700475,3/31/16 11:13 AM,RWD,W38B,PBSB,APF2,S3PB,NA-US-TX-Austin-Pond Springs,1
RN107405199,3/31/16 9:04 PM,RWD,W39B,PPSB,APF2,S3PB,NA-US-CA-Fremont Delivery Hub,1
RN109174409,8/27/18 2:41 PM,Stage 0,W38B,PPMR,APF1,S3PW,NA-US-VA-Richmond-Glen Allen,1
RN107869522,6/4/17 7:19 PM,RWD,W38B,PBSB,APF2,S3PB,NA-US-TN-Nashville-Brentwood,1
RN109171536,8/18/18 11:41 AM,Stage 0,W39B,PPSW,APF1,S3PB,NA-US-CA-Fremont Delivery Hub,1
RN109157859,7/4/18 1:57 AM,Stage 0,W39B,PPSB,APF0,S3PW,NA-US-CA-San Francisco-Port of San Francisco,1
RN107570015,4/1/16 12:33 PM,Stage 0,W38B,PMNG,APF1,S3PB,NA-US-PA-Devon,1
RN107656444,7/5/17 8:34 PM,Stage 0,W38B,PMNG,APF0,S3PB,NA-CA-QC-Montreal-Ferrier,1
RN109031558,8/10/17 4:54 PM,Stage 0,W38B,PPSB,APF2,S3PB,NA-US-IL-Chicago-West Grand Avenue,1
RN109176143,9/1/18 2:40 PM,RWD,W38B,PPMR,APF0,S3PB,NA-US-CA-Palm Springs-Cathedral City,1
RN107954772,4/1/16 5:15 PM,Stage 0,W38B,PMNG,APF2,S3PB,NA-US-NY-Westchester-Mt Kisco,1
RN107679400,4/15/17 9:49 AM,RWD,W38B,PPSB,APF0,S3PB,NA-US-GA-Alpharetta-Roswell,1
RN109172716,8/21/18 7:20 PM,Stage 0,W38B,PPSB,APF0,S3PB,NA-US-MA-Dedham,1
RN109177652,9/6/18 5:46 PM,RWD,W38B,PMBL,APF1,S3PB,NA-US-CA-Fremont Delivery Hub,1
RN108107798,4/1/16 6:15 AM,RWD,W39B,PPSW,APF1,S3PB,NA-US-FL-Orlando-Eatonville,1
RN107946125,4/1/16 11:28 AM,RWD,W39B,PBSB,APF2,S3PB,NA-US-FL-Miami-Coral Gables,1
RN108769916,4/7/16 7:50 AM,RWD,W38B,PPSW,APF2,S3PB,NA-US-FL-Orlando-Eatonville,1
RN108797138,3/31/16 8:35 PM,RWD,W39B,PPSB,APF1,S3PB,NA-US-GA-Atlanta-Decatur,1
RN109168400,8/9/18 12:54 PM,RWD,W38B,PMNG,APF1,S3PB,NA-US-CA-Marina Del Rey-Alla Road,1
RN108394945,4/16/17 1:27 PM,RWD,W39B,PPSB,APF2,S3PB,NA-US-CA-Fremont Delivery Hub,1
RN109177203,9/6/18 9:23 PM,RWD,W38B,PBSB,APF0,S3PB,NA-US-CA-Costa Mesa-3020 Pullman Street,1
RN109010232,7/30/17 4:21 PM,Stage 0,W39B,PPSW,APF1,S3PB,NA-US-CA-Palm Springs-Cathedral City,1
RN108462910,4/2/16 10:34 AM,RWD,W39B,PPSW,APF0,S3PB,NA-US-CA-Fremont Delivery Hub,1
RN109008756,7/30/17 12:45 AM,RWD,W39B,PPSB,APF1,S3PB,NA-US-NC-Charlotte-Matthews,1
RN108475167,4/1/16 4:03 PM,Stage 0,W38B,PPSB,APF0,S3PW,NA-US-IL-Chicago-Westmont,1
RN107353288,3/31/16 12:10 PM,RWD,W38B,PPSW,APF0,S3PB,NA-US-CA-Costa Mesa-3020 Pullman Street,1
RN107419267,4/1/16 6:49 PM,Stage 0,W38B,PMSS,APF0,S3PB,NA-US-WA-Bellevue-20th Street,1
RN107559592,5/26/17 8:57 AM,Stage 0,W38B,PBSB,APF1,S3PB,NA-US-WA-Bellevue-20th Street,1
RN109161414,7/18/18 1:24 PM,Stage 0,W38B,PPMR,APF1,S3PB,NA-US-MA-Dedham,1
RN109164593,7/28/18 4:58 PM,RWD,W38B,PBSB,APF0,S3PB,NA-US-CA-Costa Mesa-3020 Pullman Street,1
RN109149083,6/5/18 6:56 PM,Stage 0,W38B,PPMR,APF2,S3PB,NA-US-PA-Devon,1
RN109166537,8/2/18 2:35 PM,Stage 2,W32P,PPSB,APF2,S3PW,NA-US-CA-Fremont Delivery Hub,1
RN108830385,4/1/16 9:49 AM,RWD,W38B,PPSW,APF1,S3PB,NA-US-CA-Marina Del Rey-Alla Road,1
RN107738814,4/5/16 8:01 AM,Stage 0,W39B,PPSB,APF1,S3PB,NA-US-CO-Littleton-Broadway,1
RN107401751,4/1/16 8:03 AM,RWD,W38B,PPSW,APF0,S3PB,NA-US-CA-Marina Del Rey-Alla Road,1
RN107503470,3/31/16 7:56 PM,RWD,W38B,PPMR,APF1,S3PB,NA-US-FL-Dania Beach,1
RN108525042,3/31/16 11:49 AM,Stage 0,W39B,PMBL,APF1,S3PB,NA-US-OH-Cleveland-Lyndhurst,1
RN107534075,4/1/16 4:37 PM,Stage 0,W38B,PMNG,APF1,S3PW,NA-US-NY-Westchester-Mt Kisco,1
RN109153461,6/20/18 6:55 PM,RWD,W39B,PMNG,APF1,S3PB,NA-US-TX-Houston-North,1
RN107187273,7/4/17 6:46 PM,RWD,W39B,PPMR,APF1,S3PB,NA-US-CA-Fremont Delivery Hub,1
RN108312897,4/4/16 10:29 AM,Stage 0,W39B,PMBL,APF2,S3PW,NA-US-OH-Columbus-Morse Road,1
RN109098194,12/17/17 6:41 PM,Stage 0,W38B,PPSB,APF2,S3PB,NA-US-TX-San Antonio-Dominion,1
RN107338605,3/31/16 8:30 PM,Stage 0,W38B,PPSW,APF0,S3PB,NA-US-WA-Bellevue-20th Street,1
RN108223476,3/31/16 11:18 AM,RWD,W39B,PMSS,APF0,S3PB,NA-US-CA-San Diego-6495 Marindustry Place,1
RN107173161,3/31/16 7:25 AM,RWD,W38B,PPSW,APF1,S3PB,NA-US-OH-Columbus-Morse Road,1
RN108056120,4/10/16 12:28 PM,Stage 0,W38B,PPSW,APF1,S3PB,NA-US-MD-Rockville,1
RN108064667,4/1/16 2:10 PM,RWD,W38B,PBSB,APF0,S3PB,NA-US-HI-Honolulu-746 Auahi Street,1
RN109067812,11/17/17 10:51 PM,Stage 0,W38B,PMNG,APF1,S3PB,NA-US-OH-Cleveland-Lyndhurst,1
RN108972725,4/4/16 12:12 PM,Stage 0,W39B,PPSW,APF0,S3PW,NA-US-NJ-Springfield,1
RN108217913,3/31/16 9:13 AM,RWD,W39B,PMNG,APF1,S3PB,NA-US-OH-Cincinnati,1
RN109063717,11/2/17 2:03 PM,RWD,W38B,PPSW,APF0,S3PB,NA-US-MD-Rockville,1
RN107709185,4/2/16 7:35 PM,Stage 0,W39B,PBSB,APF2,S3PB,NA-US-MN-Minneapolis-Eden Prairie,1
RN108353026,4/1/16 4:39 PM,Stage 0,W39B,PBSB,APF0,S3PB,NA-US-MA-Dedham,1
RN109146787,5/26/18 3:41 PM,Stage 0,W38B,PMNG,APF1,S3PB,NA-US-AZ-Tempe-E. University Drive,1
RN109171060,8/14/18 10:38 AM,RWD,W38B,PMBL,APF1,S3PB,NA-US-NJ-Cherry Hill,1
RN107996285,4/25/17 12:18 PM,RWD,W39B,PPMR,APF1,S3PB,NA-US-OR-Portland-SW Macadam Ave,1
RN108151554,4/11/16 4:24 PM,RWD,W38B,PBSB,APF0,S3PB,NA-US-FL-Dania Beach,1
RN108590865,5/26/17 9:36 AM,RWD,W38B,PPSB,APF0,S3PB,NA-US-CA-Fremont Delivery Hub,1
RN107488190,7/13/16 12:39 PM,RWD,W39B,PPMR,APF2,S3PB,NA-US-TX-Houston-North,1
RN108313064,3/31/16 7:30 PM,RWD,W39B,PPSB,APF1,S3PB,NA-US-PA-Devon,1
RN107986486,4/6/16 8:53 PM,Stage 0,W38B,PPSW,APF1,S3PB,NA-US-CA-Fremont Delivery Hub,1
RN107775323,3/31/16 7:23 AM,Stage 0,W39B,PPSB,APF1,S3PB,NA-US-MA-Dedham,1
RN107030025,5/24/16 7:00 AM,Stage 0,W39B,PMSS,APF0,S3PB,NA-US-CA-Santa Barbara-Hitchcock Way,1
RN109156922,6/29/18 8:57 PM,RWD,W38B,PMBL,APF2,S3PB,NA-US-CA-Fremont Delivery Hub,1
RN107455491,3/31/16 8:12 AM,Stage 0,W38B,PBSB,APF1,S3PB,NA-US-IL-Chicago-Westmont,1
RN107213436,12/2/16 5:48 AM,Stage 0,W39B,PMNG,APF1,S3PB,NA-US-MA-Dedham,1
RN107235943,3/1/17 7:07 PM,RWD,W39B,PPSB,APF1,S3PB,NA-US-CA-Costa Mesa-3020 Pullman Street,1
RN108939530,3/31/16 8:59 PM,RWD,W38B,PMNG,APF1,S3PB,NA-US-CA-Costa Mesa-3020 Pullman Street,1
RN107005511,4/1/16 1:09 PM,RWD,W38B,PMSS,APF2,S3PB,NA-US-CA-San Diego-6495 Marindustry Place,1
RN108724238,6/25/16 2:06 PM,Stage 0,W38B,PPSB,APF1,S3PB,NA-US-CA-Fremont-47400 Kato Road,1
RN107079357,5/30/17 1:19 PM,Stage 0,W38B,PBSB,APF1,S3PB,NA-US-FL-Dania Beach,1
RN108800235,5/3/17 3:05 PM,Stage 0,W39B,PPSB,APF0,S3PB,NA-US-NJ-Springfield,1
RN109175247,8/29/18 8:36 PM,Stage 0,W38B,PPSB,APF1,S3PB,NA-US-CA-Fremont Delivery Hub,1
RN108516855,4/2/16 9:44 PM,Stage 0,W38B,PMNG,APF1,S3PB,NA-US-OH-Cleveland-Lyndhurst,1
RN108505295,4/11/16 10:21 AM,Stage 0,W39B,PPSB,APF0,S3PB,NA-US-NJ-Springfield,1
RN107896915,3/31/16 8:01 PM,RWD,W39B,PPMR,APF2,S3PB,NA-US-CA-Marina Del Rey-Alla Road,1
RN109158808,7/6/18 3:40 PM,Stage 0,W38B,PPSW,APF1,S3PW,NA-US-CA-Costa Mesa-3020 Pullman Street,1
RN107855455,3/31/16 8:04 PM,RWD,W38B,PPSW,APF0,S3PB,NA-US-MD-Rockville,1
RN108918165,3/10/17 8:08 AM,RWD,W39B,PMNG,APF0,S3PB,NA-US-WA-Seattle-SoDo,1
RN108872105,4/26/16 10:56 PM,RWD,W39B,PPSB,APF0,S3PB,NA-US-CA-Fremont Delivery Hub,1
RN107176859,4/1/16 9:59 AM,RWD,W38B,PPSB,APF1,S3PB,NA-US-VA-Tysons Corner-Tyco Road,1
RN108203730,3/31/16 9:34 AM,RWD,W38B,PBSB,APF1,S3PB,NA-US-NC-Raleigh-8800 Westgate Park Drive,1
RN109026440,8/4/17 9:42 AM,RWD,W38B,PBSB,APF2,S3PB,NA-US-CA-Fremont Delivery Hub,1
RN109148285,6/3/18 11:53 PM,RWD,W38B,PPMR,APF0,S3PB,NA-US-CA-Costa Mesa-3020 Pullman Street,1
RN107136013,3/31/16 9:51 PM,RWD,W39B,PPSW,APF2,S3PB,NA-US-CA-Fremont Delivery Hub,1
RN107991129,3/31/16 8:13 PM,RWD,W39B,PMSS,APF1,S3PB,NA-US-CA-Marina Del Rey-Alla Road,1
RN109027437,8/5/17 8:04 PM,Stage 0,W39B,PPSW,APF0,S3PB,NA-US-CA-Fremont-47400 Kato Road,1
RN107103666,9/30/16 8:40 AM,RWD,W38B,PPSB,APF2,S3PB,NA-US-CA-Fremont Delivery Hub,1
RN107493544,3/31/16 8:09 PM,RWD,W38B,PPMR,APF0,S3PB,NA-US-CA-Marina Del Rey-Alla Road,1
RN109131423,4/1/18 6:29 AM,Stage 0,W39B,PPSB,APF2,S3PB,NA-US-CA-Fremont-47400 Kato Road,1
RN107078228,4/4/16 9:48 PM,Stage 0,W38B,PMNG,APF1,S3PB,NA-US-CA-Los Angeles-Office,1
RN107510159,4/1/16 3:08 PM,RWD,W38B,PPSW,APF0,S3PB,NA-US-IN-Indianapolis,1
RN108353855,4/11/16 7:38 PM,Stage 0,W38B,PPSB,APF1,S3PB,NA-US-CA-JPLogistics-Hub,1
RN109101490,12/28/17 5:54 PM,RWD,W38B,PPSW,APF2,S3PB,NA-US-VA-Tysons Corner-Tyco Road,1
RN109162559,7/20/18 5:53 PM,RWD,W39B,PMBL,APF0,S3PB,NA-US-TX-San Antonio-Dominion,1
RN108311011,4/28/17 10:58 PM,RWD,W38B,PMNG,APF1,S3PB,NA-US-CA-Fremont Delivery Hub,1
RN108150600,3/31/16 8:00 AM,RWD,W39B,PPSB,APF0,S3PB,NA-US-GA-Atlanta-Decatur,1
RN107608583,3/31/16 7:38 PM,RWD,W39B,PPSB,APF0,S3PB,NA-US-CA-Costa Mesa-3020 Pullman Street,1
RN108424619,4/5/16 4:39 PM,Stage 0,W38B,PPSB,APF1,S3PB,NA-US-CA-Costa Mesa-3020 Pullman Street,1
RN108685922,4/2/16 8:23 AM,Stage 0,W38B,PPMR,APF1,S3PW,NA-US-GA-Alpharetta-Roswell,1
RN109160374,7/12/18 2:48 PM,Stage 0,W39B,PPMR,APF1,S3PB,NA-US-NY-Westchester-Mt Kisco,1
RN108843647,6/19/16 4:58 PM,Stage 0,W39B,PMNG,APF0,S3PW,NA-US-GA-Alpharetta-Roswell,1
RN108113856,2/12/17 11:58 AM,Stage 0,W39B,PPMR,APF1,S3PB,NA-US-NC-Charlotte-Matthews,1
RN109158056,7/2/18 5:28 PM,RWD,W38B,PMNG,APF0,S3PB,NA-US-CA-Fremont Delivery Hub,1
RN108141742,1/16/17 10:08 PM,RWD,W38B,PPSW,APF1,S3PB,NA-US-IL-Chicago-Westmont,1
RN108656404,4/7/16 7:00 AM,RWD,W39B,PPMR,APF0,S3PB,NA-US-MA-Dedham,1
RN109183324,9/23/18 11:01 PM,RWD,W39B,PPMR,APF0,S3PB,NA-US-WA-Seattle-SoDo,1
RN109160918,7/14/18 2:20 PM,Stage 0,W38B,PPMR,APF1,S3PB,NA-US-CA-Fremont Delivery Hub,1
RN109145956,5/25/18 2:55 PM,Stage 0,W38B,PMNG,APF1,S3PB,NA-US-WA-Seattle-SoDo,1
RN108407513,3/31/16 8:58 PM,RWD,W38B,PBSB,APF0,S3PB,NA-US-NJ-Springfield,1
RN107214129,3/31/16 10:46 AM,Stage 0,W38B,PPSW,APF0,S3PB,NA-US-CA-Costa Mesa-3020 Pullman Street,1
RN107018111,5/3/17 3:23 PM,Stage 0,W39B,PMSS,APF1,S3PB,NA-US-TX-San Antonio-Dominion,1
RN107911906,4/28/16 11:46 PM,RWD,W38B,PPSB,APF2,S3PB,NA-US-CA-Fremont Delivery Hub,1
RN107352153,3/31/16 11:11 PM,RWD,W38B,PPSW,APF1,S3PB,NA-US-CO-Littleton-Broadway,1
RN109030693,8/8/17 5:01 PM,RWD,W39B,PPMR,APF0,S3PB,NA-US-CA-San Diego-6495 Marindustry Place,1
RN108845163,4/1/16 8:35 PM,RWD,W39B,PMSS,APF0,S3PB,NA-US-WA-Bellevue-20th Street,1
RN108580226,4/1/16 10:08 PM,Stage 0,W39B,PMSS,APF1,S3PB,NA-US-CA-Marina Del Rey-Alla Road,1
RN109180855,9/15/18 3:11 PM,RWD,W39B,PBSB,APF0,S3PB,NA-US-CA-Fremont Delivery Hub,1
RN109172871,8/20/18 10:38 AM,RWD,W39B,PMBL,APF0,S3PB,NA-US-CA-Fremont Delivery Hub,1
RN108943723,3/31/16 8:08 PM,RWD,W38B,PMSS,APF1,S3PB,NA-US-MO-Kansas City-Manchester,1
RN107015611,7/3/17 8:27 AM,RWD,W38B,PPSW,APF1,S3PB,NA-US-CA-San Diego-6495 Marindustry Place,1
RN109136521,4/22/18 6:13 AM,Stage 0,W38B,PMNG,APF1,S3PB,NA-US-MN-Minneapolis-Eden Prairie,1
RN108258170,3/31/16 7:44 PM,RWD,W38B,PPMR,APF0,S3PB,NA-US-IL-Chicago-Highland Park,1
RN109140252,5/5/18 1:48 PM,RWD,W39B,PPMR,APF0,S3PB,NA-US-VA-Richmond-Glen Allen,1
RN108177830,4/1/16 7:18 PM,RWD,W38B,PMNG,APF0,S3PB,NA-US-CA-Santa Barbara-Hitchcock Way,1
RN108701568,4/1/16 8:36 AM,Stage 1,W38B,PMSS,APF1,S3PB,NA-US-NY-Brooklyn-Van Brunt Street,0
RN109185084,9/26/18 9:37 PM,RWD,W39B,PPMR,APF2,S3PB,NA-US-CA-Santa Barbara-Hitchcock Way,1
RN109136259,4/22/18 12:20 PM,RWD,W38B,PMNG,APF0,S3PB,NA-US-IL-Chicago-West Grand Avenue,1
RN108276361,3/31/16 9:12 PM,Stage 0,W39B,PPSW,APF0,S3PW,NA-US-UT-Salt Lake City-South 300 West,1
RN108482575,6/20/16 6:27 AM,Stage 0,W38B,PPSB,APF2,S3PB,NA-US-MA-Dedham,1
RN107997209,3/31/16 8:49 PM,RWD,W38B,PPSW,APF1,S3PB,NA-US-CA-San Diego-6495 Marindustry Place,1
RN108262099,4/1/16 10:03 AM,RWD,W39B,PPSB,APF0,S3PB,NA-US-CA-Fremont Delivery Hub,1
RN109177845,9/6/18 10:37 PM,RWD,W39B,PPMR,APF0,S3PB,NA-US-AZ-Tempe-E. University Drive,1
RN107696115,4/1/16 4:14 PM,Stage 0,W38B,PMSS,APF1,S3PB,NA-US-MA-Dedham,1
RN108852985,12/15/16 7:28 AM,RWD,W38B,PPSB,APF0,S3PB,NA-US-NY-Westchester-Mt Kisco,1
RN109164016,7/24/18 9:42 PM,Stage 0,W38B,PMSS,APF1,S3PB,NA-US-MA-Dedham,1
RN109116707,2/8/18 4:18 PM,Stage 0,W38B,PBSB,APF0,S3PB,NA-US-WA-Seattle-SoDo,1
RN109174772,8/26/18 12:55 PM,Stage 2,W32P,PMNG,APF1,S3PB,NA-US-CA-Costa Mesa-3020 Pullman Street,0
RN108162984,4/1/16 9:07 AM,Stage 0,W38B,PBSB,APF1,S3PB,NA-US-WA-Seattle-SoDo,1
RN107970166,5/6/17 7:15 PM,RWD,W38B,PMNG,APF0,S3PB,NA-US-CA-Fremont Delivery Hub,1
RN107921052,4/1/16 3:25 PM,RWD,W39B,PMNG,APF0,S3PB,NA-US-CA-Santa Barbara-Hitchcock Way,1
RN107051898,8/7/16 11:32 AM,RWD,W39B,PPMR,APF0,S3PB,NA-US-AZ-Tempe-E. University Drive,1
RN107266744,4/1/16 8:25 AM,RWD,W39B,PPMR,APF1,S3PB,NA-US-FL-West Palm Beach,1
RN108602802,4/7/16 5:43 AM,Stage 0,W39B,PMNG,APF2,S3PB,NA-US-IN-Indianapolis,1
RN107659834,3/31/16 7:43 PM,RWD,W39B,PMNG,APF1,S3PB,NA-US-OR-Portland-SW Macadam Ave,1
RN107212505,4/4/16 10:55 AM,Stage 0,W38B,PBSB,APF1,S3PB,NA-US-CA-Fremont Delivery Hub,1
RN108899879,3/31/16 7:49 PM,RWD,W39B,PPSW,APF0,S3PB,NA-US-CA-Sacramento-Rocklin,1
RN108792645,4/1/16 7:28 AM,Stage 0,W39B,PPMR,APF1,S3PW,NA-US-CA-Fremont Delivery Hub,1
RN107787288,3/31/16 8:11 AM,RWD,W39B,PPMR,APF1,S3PB,NA-US-FL-Jacksonville,1
RN107685976,4/1/16 7:11 AM,Stage 0,W38B,PPSB,APF1,S3PB,NA-US-NC-Raleigh-8800 Westgate Park Drive,1
RN107039024,3/31/16 8:59 PM,Stage 0,W38B,PMNG,APF2,S3PB,NA-US-TX-Austin-Pond Springs,1
RN108967375,4/6/16 6:19 PM,Stage 0,W39B,PPSB,APF2,S3PW,NA-US-CA-Fremont-47400 Kato Road,1
RN107108125,1/23/17 8:03 AM,Stage 0,W38B,PPSW,APF2,S3PB,NA-US-MA-Dedham,1
RN109026120,8/4/17 6:05 PM,Stage 0,W38B,PPSB,APF1,S3PB,NA-US-CA-Fremont Delivery Hub,1
RN107755901,3/31/16 5:03 PM,Stage 0,W39B,PMSS,APF1,S3PB,NA-US-CA-Fremont-47400 Kato Road,1
RN108178936,3/31/16 4:35 PM,RWD,W38B,PMNG,APF1,S3PB,NA-US-CA-Costa Mesa-3020 Pullman Street,1
RN107085575,3/31/16 9:54 PM,RWD,W38B,PPSW,APF1,S3PB,NA-US-CA-San Diego-6495 Marindustry Place,1
RN107368615,4/1/16 6:35 AM,RWD,W39B,PPMR,APF0,S3PB,NA-US-NC-Raleigh-8800 Westgate Park Drive,1
RN107285883,4/1/16 12:55 PM,RWD,W38B,PBSB,APF1,S3PB,NA-US-CA-Sacramento-Rocklin,1
RN107677851,3/31/16 10:05 AM,RWD,W38B,PBSB,APF1,S3PB,NA-US-NC-Charlotte-Matthews,1
RN108708678,1/30/17 8:32 AM,RWD,W38B,PMNG,APF0,S3PB,NA-US-NJ-Springfield,1
RN109175908,9/1/18 5:15 AM,RWD,W38B,PPMR,APF0,S3PB,NA-US-PA-Devon,1
RN107613021,4/1/16 9:53 AM,RWD,W38B,PMNG,APF1,S3PB,NA-US-CA-Fremont Delivery Hub,1
RN109180813,9/15/18 11:50 AM,Stage 2,W32P,PMNG,APF0,S3PB,NA-US-IL-Chicago-Westmont,0
RN107647449,3/21/17 4:47 PM,RWD,W38B,PMSS,APF0,S3PB,NA-US-CA-Palm Springs-Cathedral City,1
RN108262453,3/31/16 9:49 AM,RWD,W39B,PMSS,APF0,S3PB,NA-US-CA-Marina Del Rey-Alla Road,1
RN109043064,8/28/17 9:29 PM,RWD,W39B,PPSW,APF0,S3PB,NA-US-IL-Chicago-Westmont,1
RN108371567,10/28/16 3:09 PM,RWD,W39B,PMBL,APF0,S3PB,NA-US-CA-Marina Del Rey-Alla Road,1
RN108861729,3/31/16 10:13 AM,RWD,W38B,PBSB,APF1,S3PB,NA-US-IL-Chicago-West Grand Avenue,1
RN109117665,2/12/18 4:44 AM,Stage 0,W38B,PPSB,APF1,S3PB,NA-US-OH-Cleveland-Lyndhurst,1
RN109137028,4/20/18 2:12 AM,Stage 0,W39B,PPSB,APF1,S3PW,NA-US-MO-St. Louis-University City,1
RN108557426,3/31/16 1:35 PM,RWD,W38B,PPSB,APF1,S3PB,NA-US-CA-San Diego-6495 Marindustry Place,1
RN109182108,9/17/18 8:05 PM,RWD,W38B,PBSB,APF1,S3PB,NA-US-GA-Alpharetta-Roswell,1
RN109184507,9/26/18 3:42 PM,RWD,W38B,PPSW,APF1,S3PB,NA-US-IL-Chicago-Westmont,1
RN109185982,9/28/18 2:21 PM,Stage 0,W39B,PMNG,APF2,S3PW,NA-US-CA-Fremont-47400 Kato Road,1
RN107497440,4/9/16 1:38 PM,Stage 0,W38B,PPSW,APF1,S3PB,NA-US-CA-Marina Del Rey-Alla Road,1
RN108503524,3/31/16 9:12 PM,Stage 0,W39B,PPSW,APF2,S3PB,NA-US-CA-Fremont Delivery Hub,1
RN107898145,3/31/16 10:43 AM,RWD,W39B,PMNG,APF1,S3PB,NA-US-HI-Honolulu-746 Auahi Street,1
RN109171788,8/17/18 8:10 PM,Stage 2,W32P,PPMR,APF1,S3PB,NA-US-CA-Fremont Delivery Hub,1
RN107998604,3/31/16 9:06 PM,RWD,W38B,PPSW,APF0,S3PB,NA-US-VA-Richmond-Glen Allen,1
RN108413461,4/1/16 3:45 AM,Stage 0,W39B,PPSW,APF0,S3PB,NA-US-OH-Cleveland-Lyndhurst,1
RN109181416,9/17/18 3:47 PM,RWD,W38B,PPMR,APF2,S3PB,NA-US-MD-Baltimore-Owings Mills,1
RN108854700,3/31/16 8:07 PM,RWD,W39B,PPSB,APF1,S3PB,NA-US-CA-Fremont Delivery Hub,1
RN107216685,4/1/16 8:01 PM,Stage 0,W38B,PPSW,APF0,S3PB,NA-US-TX-Houston-North,1
RN109015549,8/1/17 11:32 PM,Stage 0,W38B,PPMR,APF1,S3PW,NA-US-WA-Bellevue-20th Street,1
RN109180717,9/15/18 5:12 PM,Stage 0,W39B,PMNG,APF1,S3PW,NA-US-VA-Tysons Corner-Tyco Road,1
RN108365888,4/1/16 8:24 AM,RWD,W38B,PPSB,APF1,S3PB,NA-US-CA-Fremont Delivery Hub,1
RN108801595,3/31/16 9:16 PM,Stage 0,W39B,PMNG,APF1,S3PB,NA-US-CA-Sacramento-Rocklin,1
RN108011001,10/1/16 3:11 PM,RWD,W39B,PPSW,APF2,S3PB,NA-US-IL-Chicago-West Grand Avenue,1
RN108383467,3/31/16 12:06 PM,Stage 0,W38B,PPMR,APF1,S3PB,NA-US-OR-Portland-SW Macadam Ave,1
RN108264368,4/1/16 9:05 AM,Stage 0,W39B,PPSW,APF2,S3PB,NA-US-CA-Costa Mesa-3020 Pullman Street,1
RN108311825,3/31/16 2:15 PM,Stage 0,W38B,PMNG,APF1,S3PB,NA-US-NJ-Springfield,1
RN107704221,4/1/16 7:22 PM,Stage 0,W38B,PMSS,APF1,S3PB,NA-US-CA-Fremont-Direct Delivery,1
RN108838584,3/31/16 7:31 PM,RWD,W38B,PMNG,APF1,S3PB,NA-US-CA-San Diego-6495 Marindustry Place,1
RN107376276,3/31/16 8:38 PM,RWD,W38B,PPMR,APF1,S3PB,NA-US-AZ-Tempe-E. University Drive,1
RN109161211,7/18/18 4:04 PM,RWD,W38B,PPSW,APF0,S3PB,NA-US-FL-Miami-Coral Gables,1
RN107488140,4/1/16 3:16 AM,Stage 0,W38B,PPSB,APF1,S3PB,NA-US-OH-Columbus-Morse Road,1
RN107077134,4/1/16 2:25 PM,Stage 0,W39B,PBSB,APF0,S3PW,NA-US-MD-Baltimore-Owings Mills,1
RN108267808,4/1/16 5:35 AM,Stage 0,W39B,PMSS,APF2,S3PB,NA-US-CO-Littleton-Broadway,1
RN107488671,7/13/17 12:45 PM,Stage 0,W38B,PPSB,APF2,S3PB,NA-US-WA-Bellevue-20th Street,1
RN107787334,3/31/16 7:30 PM,Stage 0,W38B,PBSB,APF1,S3PB,NA-US-NC-Raleigh-8800 Westgate Park Drive,1
RN109027464,8/5/17 11:40 AM,RWD,W39B,PPMR,APF0,S3PB,NA-US-NJ-Cherry Hill,1
RN108797891,3/31/16 7:32 PM,RWD,W39B,PMNG,APF0,S3PB,NA-US-CA-Sacramento-Rocklin,1
RN109128010,3/14/18 2:02 AM,RWD,W39B,PMSS,APF0,S3PB,NA-US-CA-San Diego-6495 Marindustry Place,1
RN108791967,5/14/16 2:51 PM,RWD,W38B,PMSS,APF0,S3PB,NA-US-CA-San Francisco-Port of San Francisco,1
RN109162940,7/21/18 9:26 AM,Stage 0,W38B,PMNG,APF1,S3PB,NA-US-MN-Minneapolis-Eden Prairie,1
RN108466102,4/2/16 12:41 PM,Stage 0,W39B,PPMR,APF1,S3PB,NA-US-IL-Chicago-Westmont,1
RN109173490,8/23/18 7:35 AM,RWD,W38B,PBSB,APF1,S3PB,NA-US-IL-Chicago-Westmont,1
RN109176931,9/2/18 8:22 PM,Stage 0,W38B,PMNG,APF0,S3PB,NA-US-TX-Houston-North,1
RN107504852,4/1/16 8:03 AM,RWD,W38B,PBSB,APF0,S3PB,NA-US-OH-Columbus-Morse Road,1
RN107093685,7/11/17 10:50 AM,Stage 0,W39B,PPMR,APF2,S3PB,NA-US-MA-Dedham,1
RN109170636,8/13/18 5:13 PM,RWD,W38B,PMNG,APF1,S3PB,NA-US-CA-Fremont Delivery Hub,1
RN107046904,4/1/16 7:39 PM,Stage 0,W39B,PMNG,APF2,S3PW,NA-US-VA-Tysons Corner-Tyco Road,1
RN108240863,3/31/16 7:30 PM,Stage 0,W39B,PPSW,APF1,S3PW,NA-US-CA-Fremont Delivery Hub,1
RN107730123,4/1/16 5:12 PM,Stage 0,W38B,PMNG,APF1,S3PB,NA-US-NY-Westchester-Mt Kisco,1
RN109062706,10/30/17 4:02 PM,RWD,W38B,PPMR,APF0,S3PB,NA-US-CA-Sacramento-Rocklin,1
RN109160405,7/14/18 1:27 PM,Stage 0,W38B,PMNG,APF1,S3PB,NA-US-FL-Tampa,1
RN100084208,3/24/16 6:43 PM,Stage 0,W38B,PPSW,APF1,S3PB,NA-US-CA-Costa Mesa-3020 Pullman Street,1
RN109172379,8/21/18 9:51 AM,Stage 0,W38B,PPSW,APF1,S3PW,NA-US-GA-Alpharetta-Roswell,1
RN107229589,1/2/17 11:18 PM,Stage 0,W38B,PPMR,APF0,S3PB,NA-US-NJ-Cherry Hill,1
RN107940348,4/1/16 6:08 PM,Stage 0,W38B,PMBL,APF2,S3PB,NA-US-NJ-Springfield,1
RN108235103,7/6/16 9:27 AM,Stage 0,W38B,PPSB,APF1,S3PB,NA-US-GA-Alpharetta-Roswell,1
RN107574774,6/1/17 12:48 PM,Stage 0,W39B,PPMR,APF0,S3PB,NA-US-CA-Fremont Delivery Hub,1
RN109040174,8/24/17 10:58 PM,RWD,W39B,PPSW,APF1,S3PB,NA-US-CA-Fremont Delivery Hub,1
RN109168019,8/5/18 12:23 PM,Stage 0,W38B,PBSB,APF0,S3PW,NA-US-OH-Cincinnati,1
RN107102050,6/12/17 4:09 PM,Stage 0,W39B,PMNG,APF1,S3PB,NA-US-UT-Salt Lake City-South 300 West,1
RN109142390,5/14/18 9:19 PM,Stage 0,W39B,PMNG,APF1,S3PB,NA-US-CA-Fremont-47400 Kato Road,1
RN109163066,7/22/18 8:47 PM,RWD,W39B,PBSB,APF0,S3PB,NA-US-AZ-Tempe-E. University Drive,1
RN109029355,8/7/17 7:11 PM,Stage 0,W39B,PBSB,APF0,S3PB,NA-US-MA-Dedham,1
RN109161992,7/16/18 12:51 PM,Stage 0,W38B,PMNG,APF1,S3PW,NA-US-MN-Minneapolis-Eden Prairie,1
RN109172850,8/20/18 5:23 PM,Stage 0,W39B,PMNG,APF1,S3PB,NA-US-CA-Fremont-Direct Delivery,1
RN108092184,3/31/16 8:57 PM,Stage 0,W38B,PPMR,APF2,S3PB,NA-US-CA-Sacramento-Rocklin,1
RN107932405,4/3/16 11:23 AM,Stage 0,W38B,PMNG,APF2,S3PW,NA-US-VA-Tysons Corner-Tyco Road,1
RN109169069,8/7/18 2:05 PM,RWD,W38B,PPMR,APF0,S3PB,NA-US-CA-Costa Mesa-3020 Pullman Street,1
RN108777148,3/31/16 12:04 PM,RWD,W38B,PMNG,APF1,S3PB,NA-US-NV-Las Vegas-W. Sahara Ave,1
RN109175409,8/31/18 7:32 AM,Stage 0,W38B,PPSB,APF0,S3PB,NA-US-FL-West Palm Beach,1
RN109119817,2/18/18 10:08 PM,RWD,W39B,PPMR,APF2,S3PB,NA-US-FL-West Palm Beach,1
RN100010409,3/25/16 5:05 AM,RWD,W38B,PBSB,APF2,S3PB,NA-US-CA-Los Angeles-Centinela,1
